{
  "global_1758078263": 1758078263.733958,
  "global_1758078426": 1758078426.1408644
}